"","condition","ll"
"1","combine",-9972.91097107788
"2","construct",-4850.46124502424
"3","decon",-5303.77538007324
"4","flip",-5711.75810161733
