,pair_index,agent,recipient,EIG
11,83,"Stone(S4,O0,L1)","Stone(S0,O0,L2)",1.085727525472218
14,7,"Stone(S0,O1,L1)","Stone(S0,O0,L4)",0.9291508289471632
16,19,"Stone(S0,O4,L1)","Stone(S0,O0,L4)",0.9225394981518478
18,3,"Stone(S0,O0,L1)","Stone(S0,O0,L4)",0.8611735362787775
1,99,"Stone(S4,O4,L1)","Stone(S0,O0,L2)",1.5524365006951593
3,47,"Stone(S2,O1,L1)","Stone(S0,O0,L4)",1.3735863144699243
8,71,"Stone(S3,O2,L1)","Stone(S0,O0,L3)",1.1387862746383013
12,39,"Stone(S1,O4,L1)","Stone(S0,O0,L4)",1.0085932842093377
